Service,Prenom,Nom,Identifiant
Reseau-Systeme,Hugo,Lambert,h.lambert
Reseau-Systeme,Sarah,Benali,s.benali
Reseau-Systeme,Tom,Girard,t.girard
Direction-DSI,Claire,Fontaine,c.fontaine
Direction-DSI,Marc,Dubois,m.dubois
Direction-DSI,Nadia,Haddad,n.haddad
RH-Compta-Juridique,Julie,Moreau,j.moreau
RH-Compta-Juridique,Paul,Rousseau,p.rousseau
RH-Compta-Juridique,Amina,Diallo,a.diallo
Communication-Redaction,Lucas,Petit,l.petit
Communication-Redaction,Emma,Garnier,e.garnier
Communication-Redaction,Yanis,Kaci,y.kaci
Developpement,Leo,Marchand,l.marchand
Developpement,Chloe,Vidal,c.vidal
Developpement,Karim,Bensaid,k.bensaid
Commercial,Antoine,Roux,a.roux
Commercial,Laura,Perrin,l.perrin
Commercial,Samir,Cherif,s.cherif
Labo-Recherche,Alice,Faure,a.faure
Labo-Recherche,Nicolas,Blanc,n.blanc
Labo-Recherche,Ines,Mansouri,i.mansouri
Accueil,Manon,Lefevre,m.lefevre
Accueil,Theo,Colin,t.colin
Accueil,Lina,Boucher,l.boucher
Visiteurs,Visiteur,Un,visiteur1
Visiteurs,Visiteur,Deux,visiteur2
Visiteurs,Visiteur,Trois,visiteur3
Demonstration,Demo,Un,demo1
Demonstration,Demo,Deux,demo2
Demonstration,Demo,Trois,demo3
